                  epoch,         train/box_loss,         train/cls_loss,         train/dfl_loss,   metrics/precision(B),      metrics/recall(B),       metrics/mAP50(B),    metrics/mAP50-95(B),           val/box_loss,           val/cls_loss,           val/dfl_loss,                 lr/pg0,                 lr/pg1,                 lr/pg2
                      1,                 1.9159,                 2.5085,                 1.7364,                0.00052,                0.11594,                0.00029,                  6e-05,                 4.3945,                  75.67,                 18.185,                0.07038,              0.0032911,              0.0032911
                      2,                 1.9763,                 1.9998,                 1.8406,                0.00742,                0.30435,                0.00442,                0.00101,                 3.7062,                 72.679,                 3.7563,               0.040373,               0.006618,               0.006618
                      3,                 1.9581,                  1.883,                 1.8419,                0.40568,                0.27536,                0.29304,                0.11062,                 2.4452,                 9.6563,                  2.552,               0.010341,              0.0099189,              0.0099189
                      4,                 1.8907,                 1.8282,                 1.7947,                0.26734,                0.47596,                0.25938,                0.11727,                   2.09,                 7.3823,                 2.0866,              0.0099123,              0.0099123,              0.0099123
                      5,                 1.8475,                  1.718,                 1.7464,                0.62939,                0.55072,                0.56562,                  0.245,                  1.926,                 3.6693,                  1.811,              0.0098445,              0.0098445,              0.0098445
                      6,                 1.7913,                 1.6348,                 1.7198,                0.54837,                0.49275,                0.48173,                0.22321,                    1.9,                 3.6351,                 1.8186,              0.0097577,              0.0097577,              0.0097577
                      7,                 1.8129,                 1.6703,                 1.7549,                0.67764,                0.53623,                0.60475,                0.29495,                  1.832,                  1.945,                 1.7267,              0.0096524,              0.0096524,              0.0096524
                      8,                 1.7337,                 1.5848,                 1.7154,                0.84538,                0.63396,                0.71214,                0.36078,                 1.6993,                 1.6802,                 1.6751,              0.0095289,              0.0095289,              0.0095289
                      9,                 1.6687,                 1.5606,                  1.644,                0.45599,                0.46377,                0.40118,                0.15988,                 2.3144,                 2.2958,                 2.3209,              0.0093877,              0.0093877,              0.0093877
                     10,                 1.6689,                 1.5077,                 1.6279,                0.84872,                0.56522,                 0.6942,                  0.346,                   1.76,                 1.7718,                 1.6239,              0.0092294,              0.0092294,              0.0092294
                     11,                 1.6605,                  1.395,                 1.6087,                0.71279,                0.53957,                0.62481,                0.34105,                 1.7414,                 1.7015,                 1.5933,              0.0090546,              0.0090546,              0.0090546
                     12,                 1.6244,                 1.4007,                 1.5417,                0.78017,                0.62319,                0.73328,                0.40693,                 1.6118,                  1.477,                 1.5986,               0.008864,               0.008864,               0.008864
                     13,                 1.5658,                 1.3224,                 1.5237,                0.71097,                0.63768,                0.73421,                0.42202,                 1.5873,                 1.8203,                 1.5318,              0.0086584,              0.0086584,              0.0086584
                     14,                  1.607,                 1.3357,                  1.572,                0.91666,                 0.6376,                0.77991,                0.43152,                 1.6555,                 1.2111,                 1.5286,              0.0084385,              0.0084385,              0.0084385
                     15,                 1.6165,                 1.2505,                 1.5405,                0.89806,                0.65217,                0.78127,                0.42277,                 1.6393,                  1.317,                 1.5134,              0.0082052,              0.0082052,              0.0082052
                     16,                 1.5506,                 1.2828,                 1.5297,                 0.7964,                 0.6803,                0.73536,                0.39215,                 1.6965,                 1.3062,                 1.5855,              0.0079595,              0.0079595,              0.0079595
                     17,                 1.5703,                 1.2327,                 1.5379,                 0.8197,                0.66667,                0.71291,                0.42166,                 1.5677,                 1.4673,                 1.4728,              0.0077023,              0.0077023,              0.0077023
                     18,                 1.5591,                 1.1921,                 1.4783,                0.77157,                0.68537,                0.79388,                0.35965,                 1.7805,                 1.4076,                 1.6152,              0.0074347,              0.0074347,              0.0074347
                     19,                 1.5415,                 1.2287,                 1.4827,                0.93716,                0.53623,                0.69397,                0.29883,                 1.9302,                 1.5561,                 1.7002,              0.0071576,              0.0071576,              0.0071576
                     20,                  1.608,                 1.1925,                 1.5475,                0.77281,                0.65217,                0.73318,                0.29613,                 1.9004,                 1.4599,                 1.6962,              0.0068722,              0.0068722,              0.0068722
                     21,                 1.5117,                 1.1849,                 1.4699,                0.78401,                0.63133,                0.73933,                 0.3758,                  1.683,                 2.0761,                  1.582,              0.0065796,              0.0065796,              0.0065796
                     22,                 1.4756,                 1.1465,                 1.4726,                0.75966,                0.76812,                0.78356,                  0.415,                  1.713,                 1.1849,                 1.6016,               0.006281,               0.006281,               0.006281
                     23,                 1.4872,                 1.1545,                 1.4757,                0.80393,                0.77258,                0.80897,                 0.4591,                 1.5089,                 1.1123,                 1.4642,              0.0059775,              0.0059775,              0.0059775
                     24,                 1.4444,                 1.0952,                 1.4244,                0.89529,                0.74359,                0.83503,                0.49942,                 1.4768,                  1.083,                 1.4436,              0.0056704,              0.0056704,              0.0056704
                     25,                 1.3946,                 1.0529,                 1.4087,                0.80063,                0.84058,                 0.8546,                0.47364,                 1.5756,                 1.0478,                 1.5218,              0.0053608,              0.0053608,              0.0053608
                     26,                 1.4485,                 1.0519,                 1.4273,                0.84175,                 0.6938,                0.77219,                0.45309,                 1.5026,                 1.1485,                 1.4659,                0.00505,                0.00505,                0.00505
                     27,                 1.4277,                 1.0942,                 1.4089,                0.93727,                0.64962,                0.77767,                0.45449,                 1.5183,                 1.1452,                 1.4801,              0.0047392,              0.0047392,              0.0047392
                     28,                 1.3767,                 1.0046,                 1.3856,                0.88668,                0.71014,                0.83536,                0.44588,                 1.6005,                 1.0838,                 1.4908,              0.0044296,              0.0044296,              0.0044296
                     29,                 1.3379,                  0.977,                 1.3769,                0.88834,                0.72464,                0.85286,                0.50188,                 1.4896,                 1.0349,                 1.4549,              0.0041225,              0.0041225,              0.0041225
                     30,                 1.3565,                0.98238,                 1.3866,                0.92163,                 0.6817,                0.82481,                0.49104,                 1.4823,                 1.0378,                 1.4248,               0.003819,               0.003819,               0.003819
                     31,                 1.3853,                0.99184,                 1.4028,                0.84819,                0.76812,                0.85854,                0.51067,                 1.4427,                0.98662,                 1.3725,              0.0035204,              0.0035204,              0.0035204
                     32,                 1.3459,                0.93574,                 1.3473,                0.87606,                0.72464,                0.81479,                0.43727,                 1.6907,                 1.0329,                 1.5419,              0.0032278,              0.0032278,              0.0032278
                     33,                 1.3216,                0.89457,                 1.3583,                0.81817,                0.76812,                0.82756,                0.48145,                 1.5159,                 1.0324,                  1.431,              0.0029424,              0.0029424,              0.0029424
                     34,                 1.2974,                0.86979,                 1.3406,                0.85592,                0.78261,                0.85651,                0.49613,                 1.4997,                0.99196,                 1.4409,              0.0026653,              0.0026653,              0.0026653
                     35,                 1.2915,                0.91705,                 1.3324,                0.80458,                0.75362,                0.85095,                0.49456,                 1.4644,                0.90884,                 1.4345,              0.0023977,              0.0023977,              0.0023977
                     36,                 1.2723,                0.86825,                 1.3143,                0.88179,                0.72464,                0.85056,                0.48817,                 1.4455,                0.93224,                 1.3948,              0.0021405,              0.0021405,              0.0021405
                     37,                  1.271,                0.83102,                 1.3149,                0.91089,                0.76812,                0.86323,                0.49283,                 1.5191,                0.91838,                 1.4204,              0.0018948,              0.0018948,              0.0018948
                     38,                   1.26,                 0.8356,                 1.3081,                0.86803,                0.76268,                0.86179,                0.50387,                 1.4327,                0.89332,                 1.3651,              0.0016615,              0.0016615,              0.0016615
                     39,                 1.1962,                0.78237,                 1.2617,                0.85381,                0.76184,                0.85461,                0.52461,                 1.3806,                 0.9109,                 1.3505,              0.0014416,              0.0014416,              0.0014416
                     40,                 1.2131,                0.79544,                 1.2908,                0.81645,                0.81159,                0.86163,                 0.5309,                 1.4284,                0.90561,                 1.3693,               0.001236,               0.001236,               0.001236
                     41,                 1.1435,                  0.711,                 1.2561,                0.86302,                0.82183,                0.87375,                0.51957,                 1.4441,                0.86311,                 1.3617,              0.0010454,              0.0010454,              0.0010454
                     42,                 1.1268,                0.69244,                 1.2534,                0.87774,                0.81159,                0.87475,                0.51935,                 1.4273,                0.84644,                 1.3668,             0.00087058,             0.00087058,             0.00087058
                     43,                  1.123,                0.66736,                 1.2479,                0.92097,                0.75362,                0.87268,                0.53222,                 1.3812,                0.83462,                 1.3327,             0.00071228,             0.00071228,             0.00071228
                     44,                 1.0932,                0.63345,                 1.2165,                0.92407,                0.81159,                0.90497,                0.53076,                 1.4587,                0.77594,                 1.3692,             0.00057111,             0.00057111,             0.00057111
                     45,                 1.0848,                0.63552,                 1.2186,                0.94213,                0.81159,                0.90257,                0.52849,                 1.4145,                0.76051,                 1.3477,             0.00044761,             0.00044761,             0.00044761
                     46,                  1.066,                0.62647,                 1.2254,                 0.9649,                0.79688,                0.89864,                0.52678,                 1.4083,                0.78212,                 1.3547,             0.00034227,             0.00034227,             0.00034227
                     47,                 1.0667,                0.62036,                 1.2228,                0.90492,                 0.8276,                0.89148,                0.53558,                 1.3985,                0.78756,                  1.349,             0.00025551,             0.00025551,             0.00025551
                     48,                 1.0522,                0.61638,                 1.2132,                0.91858,                0.82609,                0.88831,                0.53635,                  1.391,                0.78097,                 1.3449,             0.00018768,             0.00018768,             0.00018768
                     49,                 1.0511,                0.60541,                    1.2,                0.92722,                0.82609,                0.89595,                0.53968,                 1.3854,                0.77447,                 1.3407,             0.00013903,             0.00013903,             0.00013903
                     50,                  1.028,                0.59055,                 1.1898,                0.92968,                0.82609,                0.89728,                0.53788,                 1.4042,                   0.77,                 1.3455,             0.00010977,             0.00010977,             0.00010977
